{
  "shelf-bench-6pod": {
    "1": {
      "qps": 0.36666666666666664,
      "p50": 2795.666666002944,
      "p95": 3320.486249984242,
      "n": 11
    },
    "4": {
      "qps": 0.8,
      "p50": 5432.235000014771,
      "p95": 5924.9477090197615,
      "n": 24
    },
    "8": {
      "qps": 1.0666666666666667,
      "p50": 9378.278125019278,
      "p95": 10355.349459045101,
      "n": 32
    },
    "16": {
      "qps": 1.1,
      "p50": 18162.416666047648,
      "p95": 18963.427957962267,
      "n": 33
    },
    "32": {
      "qps": 1.0666666666666667,
      "p50": 34493.211541033816,
      "p95": 34732.983083988074,
      "n": 32
    }
  },
  "raw-s3": {
    "1": {
      "qps": 0.43333333333333335,
      "p50": 2372.181750019081,
      "p95": 2594.1307499888353,
      "n": 13
    },
    "4": {
      "qps": 1.8666666666666667,
      "p50": 2200.343790987972,
      "p95": 2466.9777920353226,
      "n": 56
    },
    "8": {
      "qps": 2.8666666666666667,
      "p50": 2966.1872079595923,
      "p95": 3403.894749993924,
      "n": 86
    },
    "16": {
      "qps": 3.466666666666667,
      "p50": 5163.83437498007,
      "p95": 5371.15270801587,
      "n": 104
    },
    "32": {
      "qps": 5.533333333333333,
      "p50": 6667.004249989986,
      "p95": 7070.159624970984,
      "n": 166
    }
  }
}