{
  "scenario_a": {
    "shelf": {
      "q01_pricing_summary": [
        5.2442159579950385,
        4.703004833019804,
        4.201491541985888
      ],
      "q03_shipping_priority": [
        6.999211542017292,
        5.7742062080069445,
        5.668750917015132
      ],
      "q06_forecasting": [
        4.128018166986294,
        4.341351541981567,
        3.9682084579835646
      ],
      "q10_returned_items": [
        5.613896917027887,
        5.647904832963832,
        4.881721334008034
      ],
      "q12_shipping_modes": [
        4.636503959016409,
        4.324928832997102,
        4.298229999956675
      ],
      "q14_promotion_effect": [
        5.721310124965385,
        5.827230458962731,
        6.073355667002033
      ]
    },
    "raw-s3": {
      "q01_pricing_summary": [
        2.7624059580266476,
        2.7424951670109294,
        2.5251098329899833
      ],
      "q03_shipping_priority": [
        4.631364542001393,
        3.7106684159953147,
        3.9711461249971762
      ],
      "q06_forecasting": [
        2.564304582949262,
        2.5034324169973843,
        2.809001166955568
      ],
      "q10_returned_items": [
        2.8718000420485623,
        2.881616375001613,
        3.037878874980379
      ],
      "q12_shipping_modes": [
        2.799019458005205,
        2.915871709003113,
        2.6742072079796344
      ],
      "q14_promotion_effect": [
        2.8727898339857347,
        3.127474540960975,
        3.1082955420133658
      ]
    }
  },
  "scenario_b": {
    "shelf": {
      "qb_hot_lineitem_filter": [
        4.036894166027196,
        4.113446208008099,
        4.064571207971312,
        3.5682678340235725,
        6.231786833028309,
        4.193091417022515,
        3.782504916016478,
        3.8827527500106953,
        4.154032749996986,
        4.180380625010002,
        3.863119999994524,
        4.151969291968271,
        3.809759000025224,
        4.218666874978226,
        4.414402124995831,
        4.27752170903841,
        4.172784333000891,
        3.859861458011437,
        3.653422166011296,
        3.66840545804007
      ],
      "qb_hot_aggregate": [
        3.946666624979116,
        4.070468250021804,
        4.002771875006147,
        3.9962261670152657,
        3.9402156670112163,
        4.300083042006008,
        4.1938285829965025,
        4.242471000005025,
        4.134444084018469,
        4.0923018750036135,
        4.061509374994785,
        4.114132541988511,
        4.336545999976806,
        4.19216995802708,
        4.457323333015665,
        4.577776917023584,
        4.058743041008711,
        4.191038292017765,
        4.215546709019691,
        8.733351875038352
      ],
      "qb_hot_join": [
        10.27145483403001,
        11.677317040972412,
        6.943706166988704,
        5.610403000027873,
        7.061564750038087,
        5.30282908398658,
        5.275101042003371,
        5.33253233396681,
        5.103363958012778,
        4.641718250000849,
        4.942176582990214,
        4.556940291018691,
        5.4041675420012325,
        6.957465375016909,
        5.274582540965639,
        5.0278115419787355,
        4.859874041983858,
        5.330348959018011,
        5.632228915987071,
        5.218407416949049
      ]
    },
    "raw-s3": {
      "qb_hot_lineitem_filter": [
        2.642855915997643,
        2.4890784999588504,
        2.322482082992792,
        2.3883610410266556,
        2.494426542019937,
        2.4290861249901354,
        2.3769915419979952,
        2.340024957957212,
        2.656128207978327,
        2.4009014169569127,
        2.4463175000273623,
        2.53022241598228,
        2.42106091696769,
        2.416365457989741,
        2.4158584580291063,
        2.315981624997221,
        2.2781597909634,
        2.285126999951899,
        2.3226959999883547,
        2.445323208987247
      ],
      "qb_hot_aggregate": [
        2.713728333998006,
        2.746478082961403,
        2.560140124987811,
        2.7081349170184694,
        2.5278397080255672,
        2.6840950829791836,
        2.7393817910342477,
        2.779362792032771,
        2.7607603750075214,
        3.018850083986763,
        2.9438327500247397,
        2.687872916983906,
        2.7168589999782853,
        2.810544750012923,
        2.8619788339710794,
        2.6601601250004023,
        2.9426275420119055,
        3.076588125026319,
        2.9187622079625726,
        2.68789595796261
      ],
      "qb_hot_join": [
        2.946920958987903,
        3.058765041991137,
        2.950563541962765,
        3.164941249997355,
        2.749937125016004,
        2.7010350829805247,
        3.0114323750021867,
        2.946929249970708,
        2.668316875002347,
        2.91441033303272,
        2.7135910830111243,
        2.926013457996305,
        2.7094330830150284,
        2.744696749956347,
        2.5860954580130056,
        2.812337999988813,
        2.7485397499985993,
        2.7672274580108933,
        2.6750175419729203,
        2.6421776660135947
      ]
    }
  },
  "scenario_a_minutes": 2.442734449999989,
  "scenario_b_minutes": 7.516442562500015
}