{
  "scenario_a": {
    "shelf": {
      "q01_pricing_summary": [
        3.183107790944632,
        2.5328895000275224,
        2.3653872500290163
      ],
      "q03_shipping_priority": [
        4.302532874979079,
        3.0765263339853846,
        2.5362997089978307
      ],
      "q06_forecasting": [
        2.2807175839552656,
        2.2932692909962498,
        2.040221165982075
      ],
      "q10_returned_items": [
        2.7161147909937426,
        2.5506802500458434,
        3.641213249997236
      ],
      "q12_shipping_modes": [
        2.445175750006456,
        2.2478988749790005,
        3.096278540964704
      ],
      "q14_promotion_effect": [
        3.011249625007622,
        3.368045874987729,
        2.70118812500732
      ]
    },
    "raw-s3": {
      "q01_pricing_summary": [
        2.8764539170078933,
        2.764799958036747,
        2.849846124998294
      ],
      "q03_shipping_priority": [
        3.5118059589876793,
        3.504724958038423,
        3.406476250034757
      ],
      "q06_forecasting": [
        3.195936417032499,
        2.346938625036273,
        2.553637874952983
      ],
      "q10_returned_items": [
        2.9979317089891993,
        3.0123461249750108,
        3.1589860829990357
      ],
      "q12_shipping_modes": [
        2.4500443330034614,
        2.9386393330059946,
        2.4562410000362433
      ],
      "q14_promotion_effect": [
        2.962604792031925,
        2.90353683300782,
        2.4884636669885367
      ]
    }
  },
  "scenario_b": {
    "shelf": {
      "qb_hot_lineitem_filter": [
        2.761435459018685,
        2.5704551250091754,
        2.4188780410331674,
        2.0452596669783816,
        2.4078765839803964,
        2.7377106670173816,
        2.9321755000273697,
        2.7371388339670375,
        2.2689684579963796,
        2.701234374952037,
        2.7975563750369474,
        2.6126829579588957,
        2.6024498749757186,
        2.009057749994099,
        3.1630909590166993,
        2.7796009589801542,
        2.5455414159805514,
        2.582244583987631,
        2.480856459005736,
        2.631257499975618
      ],
      "qb_hot_aggregate": [
        2.187829000002239,
        2.679071665974334,
        2.4602454580017366,
        2.927160333027132,
        3.127701707999222,
        3.5635247500031255,
        3.4365997500135563,
        2.4827092080377042,
        3.653562541003339,
        2.8225772919831797,
        3.104709332983475,
        2.897323042037897,
        2.9028813340119086,
        3.177773708011955,
        3.2742795829544775,
        3.342115541046951,
        3.992867791967001,
        3.1157766670221463,
        2.983351874980144,
        2.7995440830127336
      ],
      "qb_hot_join": [
        3.0835639589931816,
        3.144992707995698,
        3.0058978750021197,
        2.908438084006775,
        2.575466708978638,
        2.4742596660507843,
        2.906849917024374,
        2.656648750009481,
        2.798900916997809,
        2.6727227920200676,
        2.75692945899209,
        2.7836427920265123,
        2.677321832976304,
        2.6784119170042686,
        2.801788749988191,
        2.6345564579823986,
        3.3569682499510236,
        2.9776776250218973,
        3.20015104097547,
        2.9882257499848492
      ]
    },
    "raw-s3": {
      "qb_hot_lineitem_filter": [
        2.829431917052716,
        2.5341010830015875,
        2.8048854999942705,
        2.669850792037323,
        2.8999266670434736,
        2.664074291009456,
        2.9738689580117352,
        3.0148886250099167,
        3.10210629098583,
        3.077557499986142,
        2.780655874987133,
        3.0296083749854006,
        2.9587066670064814,
        2.411942499980796,
        2.776075750007294,
        3.1356572499498725,
        3.0003347500460222,
        2.4664902499644086,
        3.067709582974203,
        2.7624916250351816
      ],
      "qb_hot_aggregate": [
        3.1166363329975866,
        3.172976082947571,
        2.9694584169774316,
        3.1322600409621373,
        2.804586750047747,
        2.720908084011171,
        2.7771128339809366,
        2.7005053329630755,
        3.064833083015401,
        2.868106167006772,
        3.174135875015054,
        2.7676638750126585,
        3.431763458997011,
        2.91546070901677,
        2.946343749994412,
        2.8901434169965796,
        3.1380304580088705,
        2.969802583043929,
        2.801894165982958,
        2.688961540989112
      ],
      "qb_hot_join": [
        3.3044779170304537,
        3.0936810830025934,
        3.096010584034957,
        2.954204208974261,
        2.65022145799594,
        2.8124341249931604,
        2.6582389169489034,
        3.0267760829883628,
        2.7765855420148,
        2.950270083034411,
        3.370712709031068,
        2.94137683295412,
        3.1436419159872457,
        2.87276166601805,
        2.970213500026148,
        3.0491796659771353,
        2.885586666991003,
        2.9535320829600096,
        3.664952874998562,
        2.9600268329959363
      ]
    }
  },
  "scenario_a_minutes": 1.7128371847162878,
  "scenario_b_minutes": 5.765857127082806
}