{
  "shelf-bench": {
    "q01": [
      5.094734792015515,
      3.899401459028013,
      3.7349682500353083
    ],
    "q03": [
      5.62096033297712,
      4.539367708028294,
      4.38365925004473
    ],
    "q06": [
      3.620214083988685,
      3.649892999965232,
      2.8822771250270307
    ],
    "q10": [
      5.631054374971427,
      4.70495841599768,
      3.8578667920082808
    ],
    "q12": [
      4.087798124994151,
      3.287800125021022,
      3.3737198329763487
    ],
    "q14": [
      4.719310291984584,
      4.142986584047321,
      4.750966249965131
    ]
  },
  "raw-s3": {
    "q01": [
      3.112760916003026,
      2.883012584003154,
      2.673825500009116
    ],
    "q03": [
      4.666176583035849,
      4.184356417041272,
      4.088322915951721
    ],
    "q06": [
      2.9708511670469306,
      2.582122083986178,
      2.3920422500232235
    ],
    "q10": [
      3.681892583030276,
      3.231853917008266,
      3.2193931249785237
    ],
    "q12": [
      2.887314999999944,
      2.9359125409973785,
      2.7243628340074793
    ],
    "q14": [
      3.198743959015701,
      3.02804137498606,
      2.8694108339841478
    ]
  }
}